{"countryCode":"BS","countryName":"Bahamas","countryFilePath":"BS.json","countryCityList":[{"_id":3572887,"name":"Commonwealth of The Bahamas","country":"BS","coord":{"lon":-77.371223,"lat":25.040819}},{"_id":3571815,"name":"New Providence District","country":"BS","coord":{"lon":-77.283333,"lat":25.033331}},{"_id":3571824,"name":"Nassau","country":"BS","coord":{"lon":-77.343063,"lat":25.058229}},{"_id":3572374,"name":"City of Freeport District","country":"BS","coord":{"lon":-78.645279,"lat":26.520281}},{"_id":3572375,"name":"Freeport","country":"BS","coord":{"lon":-78.699997,"lat":26.533331}},{"_id":3571912,"name":"Marsh Harbour District","country":"BS","coord":{"lon":-77.166672,"lat":26.4}},{"_id":3571913,"name":"Marsh Harbour","country":"BS","coord":{"lon":-77.063599,"lat":26.541241}},{"_id":8030559,"name":"West Grand Bahama District","country":"BS","coord":{"lon":-78.600563,"lat":26.59333}},{"_id":3571224,"name":"West End","country":"BS","coord":{"lon":-78.966667,"lat":26.683331}},{"_id":8030555,"name":"South Abaco District","country":"BS","coord":{"lon":-77.243607,"lat":26.04694}},{"_id":3571500,"name":"Sandy Point","country":"BS","coord":{"lon":-77.400002,"lat":26.01667}},{"_id":3572154,"name":"Inagua District","country":"BS","coord":{"lon":-73.311668,"lat":21.076941}},{"_id":3571898,"name":"Matthew Town","country":"BS","coord":{"lon":-73.666672,"lat":20.950001}},{"_id":3571493,"name":"San Salvador District","country":"BS","coord":{"lon":-74.493057,"lat":24.036671}},{"_id":3571264,"name":"Victoria Hill","country":"BS","coord":{"lon":-74.51667,"lat":24.08333}},{"_id":3571964,"name":"Macbride","country":"BS","coord":{"lon":-77.466667,"lat":25.066669}},{"_id":8030546,"name":"East Grand Bahama District","country":"BS","coord":{"lon":-78.141388,"lat":26.671671}},{"_id":3572333,"name":"Golden Grove","country":"BS","coord":{"lon":-78.333328,"lat":26.6}},{"_id":8030557,"name":"South Eleuthera District","country":"BS","coord":{"lon":-76.18306,"lat":24.800831}},{"_id":3830951,"name":"Kemps Point","country":"BS","coord":{"lon":-76.183327,"lat":24.906389}},{"_id":8030553,"name":"North Eleuthera District","country":"BS","coord":{"lon":-76.67556,"lat":25.46278}},{"_id":3571275,"name":"Upper Bogue","country":"BS","coord":{"lon":-76.666672,"lat":25.450001}},{"_id":3572807,"name":"Bimini District","country":"BS","coord":{"lon":-79.288887,"lat":25.704439}},{"_id":3572924,"name":"Alice Town","country":"BS","coord":{"lon":-79.300003,"lat":25.716669}},{"_id":8030556,"name":"South Andros District","country":"BS","coord":{"lon":-77.648888,"lat":23.923611}},{"_id":3572603,"name":"Congo Town","country":"BS","coord":{"lon":-77.583328,"lat":24.16667}},{"_id":8030552,"name":"North Andros District","country":"BS","coord":{"lon":-78.096107,"lat":24.766939}},{"_id":3571865,"name":"Minns","country":"BS","coord":{"lon":-77.76667,"lat":24.700001}},{"_id":3571971,"name":"Lucaya","country":"BS","coord":{"lon":-78.666672,"lat":26.533331}},{"_id":3571592,"name":"Rock Sound","country":"BS","coord":{"lon":-76.199997,"lat":24.9}},{"_id":8030554,"name":"Rum Cay District","country":"BS","coord":{"lon":-74.856667,"lat":23.678061}},{"_id":3571650,"name":"Port Nelson","country":"BS","coord":{"lon":-74.833328,"lat":23.633329}},{"_id":3572189,"name":"High Rock","country":"BS","coord":{"lon":-78.283333,"lat":26.620831}},{"_id":8030550,"name":"Moore’s Island District","country":"BS","coord":{"lon":-77.554169,"lat":26.300831}},{"_id":3572233,"name":"Hard Bargain","country":"BS","coord":{"lon":-77.566673,"lat":26.316669}},{"_id":3572462,"name":"Dunmore Town","country":"BS","coord":{"lon":-76.650002,"lat":25.5}},{"_id":8030551,"name":"North Abaco District","country":"BS","coord":{"lon":-77.436943,"lat":26.78944}},{"_id":3572601,"name":"Coopers Town","country":"BS","coord":{"lon":-77.51667,"lat":26.866671}},{"_id":8030545,"name":"Crooked Island and Long Cay District","country":"BS","coord":{"lon":-74.215279,"lat":22.73361}},{"_id":3572620,"name":"Colonel Hill","country":"BS","coord":{"lon":-74.216667,"lat":22.76667}},{"_id":3572627,"name":"Cockburn Town","country":"BS","coord":{"lon":-74.51667,"lat":24.033331}},{"_id":3572005,"name":"Long Island District","country":"BS","coord":{"lon":-75.111671,"lat":23.216669}},{"_id":3572640,"name":"Clarence Town","country":"BS","coord":{"lon":-74.98333,"lat":23.1}},{"_id":3572906,"name":"Andros Town","country":"BS","coord":{"lon":-77.76667,"lat":24.700001}}]}
