{"countryCode":"GT","countryName":"Guatemala","countryFilePath":"GT.json","countryCityList":[{"_id":3589799,"name":"Municipio de San Marcos","country":"GT","coord":{"lon":-91.800003,"lat":14.96667}},{"_id":3595722,"name":"Municipio de Flores","country":"GT","coord":{"lon":-89.897087,"lat":16.923809}},{"_id":3595528,"name":"Republic of Guatemala","country":"GT","coord":{"lon":-90.25,"lat":15.5}},{"_id":3589172,"name":"Departamento de Santa Rosa","country":"GT","coord":{"lon":-90.300003,"lat":14.16667}},{"_id":3592070,"name":"Ojo de Agua","country":"GT","coord":{"lon":-90.316673,"lat":14.35}},{"_id":3587902,"name":"Villa Nueva","country":"GT","coord":{"lon":-90.587502,"lat":14.52694}},{"_id":3595530,"name":"Departamento de Guatemala","country":"GT","coord":{"lon":-90.5,"lat":14.66667}},{"_id":3594143,"name":"La Reforma","country":"GT","coord":{"lon":-91.816673,"lat":14.8}},{"_id":3598655,"name":"Chichicastenango","country":"GT","coord":{"lon":-91.116669,"lat":14.93333}},{"_id":3587923,"name":"Villa Canales","country":"GT","coord":{"lon":-90.53167,"lat":14.48139}},{"_id":3588653,"name":"Sumpango","country":"GT","coord":{"lon":-90.733887,"lat":14.64639}},{"_id":3588698,"name":"Solola","country":"GT","coord":{"lon":-91.183327,"lat":14.76667}},{"_id":3589101,"name":"Santiago Sacatepequez","country":"GT","coord":{"lon":-90.676392,"lat":14.63528}},{"_id":3589626,"name":"San Pedro Sacatepequez","country":"GT","coord":{"lon":-91.76667,"lat":14.96667}},{"_id":3589671,"name":"San Pablo Jocopilas","country":"GT","coord":{"lon":-91.449997,"lat":14.58333}},{"_id":3589805,"name":"San Marcos","country":"GT","coord":{"lon":-91.800003,"lat":14.96667}},{"_id":3590316,"name":"San Cristobal Verapaz","country":"GT","coord":{"lon":-90.400002,"lat":15.38333}},{"_id":3590386,"name":"Municipio de San Benito","country":"GT","coord":{"lon":-89.90979,"lat":16.912889}},{"_id":3590389,"name":"San Benito","country":"GT","coord":{"lon":-89.908684,"lat":16.91321}},{"_id":3590856,"name":"Municipio de Retalhuleu","country":"GT","coord":{"lon":-91.683327,"lat":14.53333}},{"_id":3590858,"name":"Retalhuleu","country":"GT","coord":{"lon":-91.683327,"lat":14.53333}},{"_id":3591061,"name":"Municipio de Puerto Barrios","country":"GT","coord":{"lon":-88.599998,"lat":15.71667}},{"_id":3591062,"name":"Puerto Barrios","country":"GT","coord":{"lon":-88.599998,"lat":15.71667}},{"_id":3591093,"name":"Pueblo Nuevo Tiquisate","country":"GT","coord":{"lon":-91.366669,"lat":14.28333}},{"_id":3591415,"name":"Petapa","country":"GT","coord":{"lon":-90.551666,"lat":14.50278}},{"_id":3591676,"name":"Panzos","country":"GT","coord":{"lon":-89.666672,"lat":15.4}},{"_id":3591833,"name":"Palin","country":"GT","coord":{"lon":-90.698334,"lat":14.40556}},{"_id":3591851,"name":"Palencia","country":"GT","coord":{"lon":-90.358612,"lat":14.66472}},{"_id":3591997,"name":"Ostuncalco","country":"GT","coord":{"lon":-91.616669,"lat":14.86667}},{"_id":3592105,"name":"Nuevo San Carlos","country":"GT","coord":{"lon":-91.699997,"lat":14.6}},{"_id":3592237,"name":"Nebaj","country":"GT","coord":{"lon":-91.146111,"lat":15.40583}},{"_id":3592286,"name":"Nahuala","country":"GT","coord":{"lon":-91.316673,"lat":14.85}},{"_id":3592362,"name":"Morales","country":"GT","coord":{"lon":-88.816673,"lat":15.48333}},{"_id":3592519,"name":"Mixco","country":"GT","coord":{"lon":-90.606392,"lat":14.63333}},{"_id":3594575,"name":"La Gomera","country":"GT","coord":{"lon":-91.050003,"lat":14.08333}},{"_id":3594666,"name":"Municipio de La Esperanza","country":"GT","coord":{"lon":-91.566673,"lat":14.86667}},{"_id":3594703,"name":"La Esperanza","country":"GT","coord":{"lon":-91.566673,"lat":14.86667}},{"_id":3595069,"name":"Jutiapa","country":"GT","coord":{"lon":-89.900002,"lat":14.28333}},{"_id":3595171,"name":"Jocotenango","country":"GT","coord":{"lon":-90.743607,"lat":14.58194}},{"_id":3595237,"name":"Jalapa","country":"GT","coord":{"lon":-89.98333,"lat":14.63333}},{"_id":3595560,"name":"Gualan","country":"GT","coord":{"lon":-89.366669,"lat":15.13333}},{"_id":3595725,"name":"Flores","country":"GT","coord":{"lon":-89.899406,"lat":16.922581}},{"_id":3595783,"name":"Esquipulas","country":"GT","coord":{"lon":-89.349998,"lat":14.56667}},{"_id":3595801,"name":"Municipio de Escuintla","country":"GT","coord":{"lon":-90.783333,"lat":14.3}},{"_id":3595803,"name":"Escuintla","country":"GT","coord":{"lon":-90.785004,"lat":14.305}},{"_id":3597078,"name":"El Estor","country":"GT","coord":{"lon":-89.349998,"lat":15.53333}},{"_id":3598025,"name":"Comitancillo","country":"GT","coord":{"lon":-91.716667,"lat":15.08333}},{"_id":3598032,"name":"Municipio de Comalapa","country":"GT","coord":{"lon":-90.883331,"lat":14.73333}},{"_id":3598034,"name":"Comalapa","country":"GT","coord":{"lon":-90.887497,"lat":14.74111}},{"_id":3598073,"name":"Colomba","country":"GT","coord":{"lon":-91.73333,"lat":14.71667}},{"_id":3598463,"name":"Municipio de Chiquimula","country":"GT","coord":{"lon":-89.550003,"lat":14.8}},{"_id":3598465,"name":"Chiquimula","country":"GT","coord":{"lon":-89.550003,"lat":14.8}},{"_id":3598570,"name":"Municipio de Chimaltenango","country":"GT","coord":{"lon":-90.816673,"lat":14.66667}},{"_id":3598572,"name":"Chimaltenango","country":"GT","coord":{"lon":-90.816673,"lat":14.66861}},{"_id":3598678,"name":"Chicacao","country":"GT","coord":{"lon":-91.316673,"lat":14.53333}},{"_id":3599069,"name":"Cantel","country":"GT","coord":{"lon":-91.449997,"lat":14.81667}},{"_id":3599582,"name":"Barberena","country":"GT","coord":{"lon":-90.361107,"lat":14.30944}},{"_id":3591410,"name":"Departamento del Petén","country":"GT","coord":{"lon":-90.0,"lat":16.83333}},{"_id":3597887,"name":"Cristo Rey","country":"GT","coord":{"lon":-89.533333,"lat":16.6}},{"_id":3598132,"name":"Guatemala City","country":"GT","coord":{"lon":-90.513268,"lat":14.64072}},{"_id":3595802,"name":"Departamento de Escuintla","country":"GT","coord":{"lon":-91.0,"lat":14.16667}},{"_id":3591060,"name":"Puerto San Jose","country":"GT","coord":{"lon":-90.82444,"lat":13.92556}},{"_id":3589801,"name":"Departamento de San Marcos","country":"GT","coord":{"lon":-91.916672,"lat":15.0}},{"_id":3590978,"name":"Departamento de Quetzaltenango","country":"GT","coord":{"lon":-91.666672,"lat":14.75}},{"_id":3590979,"name":"Quetzaltenango","country":"GT","coord":{"lon":-91.51667,"lat":14.83333}},{"_id":3590964,"name":"Departamento del Quiché","country":"GT","coord":{"lon":-90.916672,"lat":15.5}},{"_id":3598659,"name":"Chiche","country":"GT","coord":{"lon":-91.065002,"lat":15.00861}},{"_id":3589627,"name":"San Pedro Sacatepequez","country":"GT","coord":{"lon":-90.644173,"lat":14.68417}},{"_id":3588697,"name":"Departamento de Sololá","country":"GT","coord":{"lon":-91.25,"lat":14.66667}},{"_id":3595108,"name":"Jucanyá","country":"GT","coord":{"lon":-91.150002,"lat":14.73333}},{"_id":3598571,"name":"Departamento de Chimaltenango","country":"GT","coord":{"lon":-90.916672,"lat":14.66667}},{"_id":3590529,"name":"San Andres Itzapa","country":"GT","coord":{"lon":-90.84417,"lat":14.62}},{"_id":3589646,"name":"San Pedro Ayampuc","country":"GT","coord":{"lon":-90.451111,"lat":14.78667}},{"_id":3589850,"name":"San Lucas Toliman","country":"GT","coord":{"lon":-91.133331,"lat":14.63333}},{"_id":3590686,"name":"Departamento de Sacatepéquez","country":"GT","coord":{"lon":-90.75,"lat":14.58333}},{"_id":3589072,"name":"Santo Domingo Xenacoj","country":"GT","coord":{"lon":-90.697777,"lat":14.67778}},{"_id":3595714,"name":"Fraijanes","country":"GT","coord":{"lon":-90.440826,"lat":14.46528}},{"_id":3588476,"name":"Tecpan Guatemala","country":"GT","coord":{"lon":-90.994171,"lat":14.76694}},{"_id":3595236,"name":"Departamento de Jalapa","country":"GT","coord":{"lon":-89.916672,"lat":14.58333}},{"_id":3592635,"name":"Mataquescuintla","country":"GT","coord":{"lon":-90.184174,"lat":14.52917}},{"_id":3591521,"name":"Municipio de Patzicía","country":"GT","coord":{"lon":-90.933327,"lat":14.63333}},{"_id":3591523,"name":"Patzicia","country":"GT","coord":{"lon":-90.926941,"lat":14.63167}},{"_id":3591210,"name":"Pochuta","country":"GT","coord":{"lon":-91.083328,"lat":14.55}},{"_id":3589282,"name":"Santa Lucia Utatlan","country":"GT","coord":{"lon":-91.26667,"lat":14.76667}},{"_id":3589975,"name":"San Jose Poaquil","country":"GT","coord":{"lon":-90.906387,"lat":14.81972}},{"_id":3600008,"name":"Acatenango","country":"GT","coord":{"lon":-90.942223,"lat":14.55194}},{"_id":3590393,"name":"San Bartolome Milpas Altas","country":"GT","coord":{"lon":-90.68,"lat":14.60611}},{"_id":3589285,"name":"Santa Lucia Milpas Altas","country":"GT","coord":{"lon":-90.678612,"lat":14.57583}},{"_id":3589885,"name":"San Juan Sacatepequez","country":"GT","coord":{"lon":-90.644173,"lat":14.71889}},{"_id":3589780,"name":"San Martin Jilotepeque","country":"GT","coord":{"lon":-90.792503,"lat":14.78778}},{"_id":3591939,"name":"Pachoj","country":"GT","coord":{"lon":-91.116669,"lat":14.93333}},{"_id":3589407,"name":"Municipio de Santa Cruz Balanyá","country":"GT","coord":{"lon":-90.916672,"lat":14.68333}},{"_id":3589408,"name":"Santa Cruz Balanya","country":"GT","coord":{"lon":-90.915001,"lat":14.68722}},{"_id":3596041,"name":"El Tejar","country":"GT","coord":{"lon":-90.792778,"lat":14.64778}},{"_id":3599788,"name":"Alotenango","country":"GT","coord":{"lon":-90.807503,"lat":14.48028}},{"_id":3587636,"name":"Yepocapa","country":"GT","coord":{"lon":-90.95694,"lat":14.50417}},{"_id":3591512,"name":"Patzun","country":"GT","coord":{"lon":-91.01667,"lat":14.68333}},{"_id":3589852,"name":"San Lucas Sacatepequez","country":"GT","coord":{"lon":-90.656937,"lat":14.60972}},{"_id":3588257,"name":"Departamento de Totonicapán","country":"GT","coord":{"lon":-91.333328,"lat":15.0}},{"_id":3588255,"name":"Municipio de Totonicapán","country":"GT","coord":{"lon":-91.366669,"lat":14.91667}},{"_id":3588258,"name":"Totonicapan","country":"GT","coord":{"lon":-91.366669,"lat":14.91667}},{"_id":3596416,"name":"Departamento de El Progreso","country":"GT","coord":{"lon":-90.0,"lat":14.83333}},{"_id":3596421,"name":"Guastatoya","country":"GT","coord":{"lon":-90.06472,"lat":14.85389}},{"_id":3592349,"name":"Morazan","country":"GT","coord":{"lon":-90.143059,"lat":14.93278}},{"_id":3599602,"name":"Departamento de Baja Verapaz","country":"GT","coord":{"lon":-90.333328,"lat":15.08333}},{"_id":3590114,"name":"San Jeronimo","country":"GT","coord":{"lon":-90.199997,"lat":15.05}},{"_id":3590547,"name":"San Agustin Acasaguastlan","country":"GT","coord":{"lon":-89.966667,"lat":14.95}},{"_id":3590524,"name":"San Andres Semetabaj","country":"GT","coord":{"lon":-91.133331,"lat":14.75}},{"_id":3595415,"name":"Departamento de Huehuetenango","country":"GT","coord":{"lon":-91.583328,"lat":15.66667}},{"_id":3595414,"name":"Municipio de Huehuetenango","country":"GT","coord":{"lon":-91.471649,"lat":15.3192}},{"_id":3595416,"name":"Huehuetenango","country":"GT","coord":{"lon":-91.470833,"lat":15.31972}},{"_id":3589730,"name":"San Miguel Chicaj","country":"GT","coord":{"lon":-90.400002,"lat":15.1}},{"_id":3589977,"name":"San Jose Pinula","country":"GT","coord":{"lon":-90.411392,"lat":14.54611}},{"_id":3592770,"name":"Magdalena Milpas Altas","country":"GT","coord":{"lon":-90.675278,"lat":14.54528}},{"_id":3590406,"name":"Sanarate","country":"GT","coord":{"lon":-90.192223,"lat":14.795}},{"_id":3589452,"name":"Santa Catarina Pinula","country":"GT","coord":{"lon":-90.495277,"lat":14.56889}},{"_id":3598128,"name":"Ciudad Vieja","country":"GT","coord":{"lon":-90.75972,"lat":14.52639}},{"_id":3599699,"name":"Antigua Guatemala","country":"GT","coord":{"lon":-90.734444,"lat":14.56111}},{"_id":3587586,"name":"Departamento de Zacapa","country":"GT","coord":{"lon":-89.5,"lat":15.0}},{"_id":3587587,"name":"Zacapa","country":"GT","coord":{"lon":-89.533333,"lat":14.96667}},{"_id":3599773,"name":"Departamento de Alta Verapaz","country":"GT","coord":{"lon":-90.0,"lat":15.66667}},{"_id":3588206,"name":"Tucuru","country":"GT","coord":{"lon":-90.066673,"lat":15.3}},{"_id":3589629,"name":"San Pedro Pinula","country":"GT","coord":{"lon":-89.849998,"lat":14.66667}},{"_id":3595148,"name":"Joyabaj","country":"GT","coord":{"lon":-90.806107,"lat":14.995}},{"_id":3596644,"name":"El Palmar","country":"GT","coord":{"lon":-91.583328,"lat":14.65}},{"_id":3591629,"name":"Parramos","country":"GT","coord":{"lon":-90.803062,"lat":14.60778}},{"_id":3598968,"name":"Casillas","country":"GT","coord":{"lon":-90.244171,"lat":14.42222}},{"_id":3589251,"name":"Municipio de Santa María de Jesús","country":"GT","coord":{"lon":-90.716667,"lat":14.5}},{"_id":3589253,"name":"Santa Maria de Jesus","country":"GT","coord":{"lon":-90.726669,"lat":14.51833}},{"_id":3599735,"name":"Amatitlan","country":"GT","coord":{"lon":-90.61528,"lat":14.4875}},{"_id":3590219,"name":"San Francisco El Alto","country":"GT","coord":{"lon":-91.449997,"lat":14.95}},{"_id":3591064,"name":"Puerta Parada","country":"GT","coord":{"lon":-90.466667,"lat":14.56667}},{"_id":3588668,"name":"Departamento de Suchitepéquez","country":"GT","coord":{"lon":-91.333328,"lat":14.41667}},{"_id":3592609,"name":"Mazatenango","country":"GT","coord":{"lon":-91.5,"lat":14.53333}},{"_id":3593087,"name":"Los Encuentros","country":"GT","coord":{"lon":-90.26667,"lat":15.1}},{"_id":3599298,"name":"Cabanas","country":"GT","coord":{"lon":-89.800003,"lat":14.93333}},{"_id":3595067,"name":"Departamento de Jutiapa","country":"GT","coord":{"lon":-89.833328,"lat":14.16667}},{"_id":3597509,"name":"El Calvario","country":"GT","coord":{"lon":-89.916672,"lat":14.11667}},{"_id":3598119,"name":"Coban","country":"GT","coord":{"lon":-90.366669,"lat":15.48333}},{"_id":3589460,"name":"Santa Catarina Barahona","country":"GT","coord":{"lon":-90.78833,"lat":14.54889}},{"_id":3597804,"name":"Cuilapa","country":"GT","coord":{"lon":-90.300278,"lat":14.27639}},{"_id":3589289,"name":"Santa Lucia Cotzumalguapa","country":"GT","coord":{"lon":-91.01667,"lat":14.33333}},{"_id":3591541,"name":"Patulul","country":"GT","coord":{"lon":-91.166672,"lat":14.41667}},{"_id":3589105,"name":"Santiago Atitlan","country":"GT","coord":{"lon":-91.229012,"lat":14.63823}},{"_id":3589643,"name":"San Pedro Carcha","country":"GT","coord":{"lon":-90.26667,"lat":15.48333}},{"_id":3589573,"name":"San Rafael Soche","country":"GT","coord":{"lon":-91.800003,"lat":14.96667}},{"_id":3595259,"name":"Departamento de Izabal","country":"GT","coord":{"lon":-89.0,"lat":15.5}},{"_id":3593235,"name":"Los Amates","country":"GT","coord":{"lon":-89.099998,"lat":15.26667}},{"_id":3592612,"name":"Mayuelas","country":"GT","coord":{"lon":-89.366669,"lat":15.13333}},{"_id":3589060,"name":"Santo Tomás Milpas Altas","country":"GT","coord":{"lon":-90.666672,"lat":14.56667}},{"_id":3598415,"name":"Chisec","country":"GT","coord":{"lon":-90.283333,"lat":15.81667}},{"_id":3589404,"name":"Santa Cruz del Quiche","country":"GT","coord":{"lon":-91.148888,"lat":15.03056}},{"_id":3594425,"name":"La Libertad","country":"GT","coord":{"lon":-92.050003,"lat":14.9}},{"_id":3590924,"name":"Rabinal","country":"GT","coord":{"lon":-90.449997,"lat":15.1}},{"_id":3599639,"name":"Asuncion Mita","country":"GT","coord":{"lon":-89.710831,"lat":14.33083}},{"_id":3598122,"name":"Coatepeque","country":"GT","coord":{"lon":-91.866669,"lat":14.7}},{"_id":3592910,"name":"Los Puentes","country":"GT","coord":{"lon":-89.716667,"lat":14.98333}},{"_id":3590857,"name":"Departamento de Retalhuleu","country":"GT","coord":{"lon":-91.833328,"lat":14.33333}},{"_id":3590288,"name":"San Felipe","country":"GT","coord":{"lon":-91.599998,"lat":14.61667}},{"_id":3590197,"name":"San Francisco Zapotitlan","country":"GT","coord":{"lon":-91.51667,"lat":14.58333}},{"_id":3598131,"name":"Ciudad Melchor de Mencos","country":"GT","coord":{"lon":-89.152222,"lat":17.068609}},{"_id":3592482,"name":"Municipio de Momostenango","country":"GT","coord":{"lon":-91.40625,"lat":15.04726}},{"_id":3592483,"name":"Momostenango","country":"GT","coord":{"lon":-91.408607,"lat":15.04361}},{"_id":3588491,"name":"Taxisco","country":"GT","coord":{"lon":-90.463058,"lat":14.07083}},{"_id":3598464,"name":"Departamento de Chiquimula","country":"GT","coord":{"lon":-89.416672,"lat":14.66667}},{"_id":3590973,"name":"Quezaltepeque","country":"GT","coord":{"lon":-89.449997,"lat":14.63333}},{"_id":3595248,"name":"Jacaltenango","country":"GT","coord":{"lon":-91.73333,"lat":15.66667}},{"_id":3591181,"name":"Poptun","country":"GT","coord":{"lon":-89.416939,"lat":16.33111}},{"_id":3589298,"name":"Santa Lucía","country":"GT","coord":{"lon":-91.48333,"lat":14.46667}},{"_id":3598786,"name":"Municipio de Champerico","country":"GT","coord":{"lon":-91.916672,"lat":14.3}},{"_id":3598787,"name":"Champerico","country":"GT","coord":{"lon":-91.916672,"lat":14.3}},{"_id":3588726,"name":"Sipacapa","country":"GT","coord":{"lon":-91.666672,"lat":15.2}},{"_id":3589637,"name":"San Pedro La Laguna","country":"GT","coord":{"lon":-91.26667,"lat":14.68333}},{"_id":3590411,"name":"Municipio de San Antonio Suchitepéquez","country":"GT","coord":{"lon":-91.416672,"lat":14.53333}},{"_id":3590412,"name":"San Antonio Suchitepequez","country":"GT","coord":{"lon":-91.416672,"lat":14.53333}},{"_id":3597837,"name":"Cubulco","country":"GT","coord":{"lon":-90.583328,"lat":15.13333}},{"_id":3594750,"name":"Municipio de La Democracia","country":"GT","coord":{"lon":-90.949997,"lat":14.23333}},{"_id":3594753,"name":"La Democracia","country":"GT","coord":{"lon":-90.94722,"lat":14.23083}},{"_id":3599912,"name":"Aguacatan","country":"GT","coord":{"lon":-91.311668,"lat":15.34306}},{"_id":3590788,"name":"Rio Hondo","country":"GT","coord":{"lon":-89.583328,"lat":15.06667}},{"_id":3588603,"name":"Tactic","country":"GT","coord":{"lon":-90.300003,"lat":15.33333}},{"_id":3595503,"name":"Guazacapan","country":"GT","coord":{"lon":-90.416672,"lat":14.07417}},{"_id":3592477,"name":"Monjas","country":"GT","coord":{"lon":-89.866669,"lat":14.5}},{"_id":3587917,"name":"Villa Hermosa","country":"GT","coord":{"lon":-91.566673,"lat":14.86667}},{"_id":3598513,"name":"Chinique","country":"GT","coord":{"lon":-91.025833,"lat":15.04472}},{"_id":3595757,"name":"Estanzuela","country":"GT","coord":{"lon":-89.566673,"lat":15.0}},{"_id":3592126,"name":"Nueva Santa Rosa","country":"GT","coord":{"lon":-90.276108,"lat":14.38111}},{"_id":3597002,"name":"El Hato","country":"GT","coord":{"lon":-90.300003,"lat":14.75}},{"_id":3599180,"name":"Municipio de Camotán","country":"GT","coord":{"lon":-89.366669,"lat":14.81667}},{"_id":3599181,"name":"Camotan","country":"GT","coord":{"lon":-89.366669,"lat":14.81667}},{"_id":3589456,"name":"Santa Catarina Mita","country":"GT","coord":{"lon":-89.75,"lat":14.45}},{"_id":3598529,"name":"Chinautla","country":"GT","coord":{"lon":-90.499443,"lat":14.70833}},{"_id":3587578,"name":"Zacualpa","country":"GT","coord":{"lon":-90.833328,"lat":15.08333}},{"_id":3588369,"name":"Tikal","country":"GT","coord":{"lon":-89.613327,"lat":17.225}},{"_id":3589848,"name":"San Luis","country":"GT","coord":{"lon":-91.683327,"lat":14.51667}},{"_id":3593359,"name":"Llano de Olintepeque","country":"GT","coord":{"lon":-91.51667,"lat":14.86667}},{"_id":3590776,"name":"Río Pichilingo","country":"GT","coord":{"lon":-88.583328,"lat":15.75}},{"_id":3598547,"name":"Chimusinique","country":"GT","coord":{"lon":-91.51667,"lat":15.31667}},{"_id":3595030,"name":"La Aurora","country":"GT","coord":{"lon":-90.5,"lat":14.58333}},{"_id":3590573,"name":"Samac","country":"GT","coord":{"lon":-90.400002,"lat":15.46667}},{"_id":3591296,"name":"Pino Gordo","country":"GT","coord":{"lon":-90.050003,"lat":14.63333}},{"_id":3587506,"name":"Zunilito","country":"GT","coord":{"lon":-91.51667,"lat":14.61667}},{"_id":3587510,"name":"Zunil","country":"GT","coord":{"lon":-91.48333,"lat":14.78333}},{"_id":3587543,"name":"Zaragoza","country":"GT","coord":{"lon":-90.889442,"lat":14.65444}},{"_id":3587546,"name":"Zapotitlan","country":"GT","coord":{"lon":-89.833328,"lat":14.13333}},{"_id":3587593,"name":"Yupiltepeque","country":"GT","coord":{"lon":-89.783333,"lat":14.2}},{"_id":3588040,"name":"Usumatlan","country":"GT","coord":{"lon":-89.783333,"lat":14.95}},{"_id":3588043,"name":"Uspantan","country":"GT","coord":{"lon":-90.833328,"lat":15.38333}},{"_id":3588308,"name":"Todos Santos Cuchumatan","country":"GT","coord":{"lon":-91.616669,"lat":15.51667}},{"_id":3588460,"name":"Tejutla","country":"GT","coord":{"lon":-91.800003,"lat":15.11667}},{"_id":3588469,"name":"Teculutan","country":"GT","coord":{"lon":-89.716667,"lat":14.98333}},{"_id":3588554,"name":"Tamahu","country":"GT","coord":{"lon":-90.166672,"lat":15.33333}},{"_id":3588588,"name":"Tajumulco","country":"GT","coord":{"lon":-91.883331,"lat":15.08333}},{"_id":3588612,"name":"Tacana","country":"GT","coord":{"lon":-92.083328,"lat":15.23333}},{"_id":3588694,"name":"Soloma","country":"GT","coord":{"lon":-91.449997,"lat":15.71667}},{"_id":3588760,"name":"Sibinal","country":"GT","coord":{"lon":-92.050003,"lat":15.13333}},{"_id":3588762,"name":"Sibilia","country":"GT","coord":{"lon":-91.616669,"lat":15.0}},{"_id":3588858,"name":"Senahu","country":"GT","coord":{"lon":-89.833328,"lat":15.4}},{"_id":3588984,"name":"Sayaxche","country":"GT","coord":{"lon":-90.166672,"lat":16.51667}},{"_id":3589036,"name":"San Vicente Pacaya","country":"GT","coord":{"lon":-90.639168,"lat":14.41611}},{"_id":3589062,"name":"Santo Tomas La Union","country":"GT","coord":{"lon":-91.383331,"lat":14.63333}},{"_id":3589074,"name":"Santo Domingo Suchitepequez","country":"GT","coord":{"lon":-91.48333,"lat":14.46667}},{"_id":3589103,"name":"Santiago Chimaltenango","country":"GT","coord":{"lon":-91.716667,"lat":15.46667}},{"_id":3589159,"name":"Santa Rosa de Lima","country":"GT","coord":{"lon":-90.295563,"lat":14.38806}},{"_id":3589247,"name":"Santa Maria Visitacion","country":"GT","coord":{"lon":-91.316673,"lat":14.71667}},{"_id":3589249,"name":"Santa Maria Ixhuatan","country":"GT","coord":{"lon":-90.274719,"lat":14.19}},{"_id":3589256,"name":"Santa Maria Chiquimula","country":"GT","coord":{"lon":-91.32917,"lat":15.03028}},{"_id":3589287,"name":"Santa Lucia La Reforma","country":"GT","coord":{"lon":-91.235558,"lat":15.12833}},{"_id":3589355,"name":"Santa Eulalia","country":"GT","coord":{"lon":-91.45694,"lat":15.73306}},{"_id":3589395,"name":"Santa Cruz Verapaz","country":"GT","coord":{"lon":-90.433327,"lat":15.36667}},{"_id":3589398,"name":"Santa Cruz Naranjo","country":"GT","coord":{"lon":-90.36972,"lat":14.38806}},{"_id":3589400,"name":"Santa Cruz Mulua","country":"GT","coord":{"lon":-91.616669,"lat":14.58333}},{"_id":3589402,"name":"Santa Cruz La Laguna","country":"GT","coord":{"lon":-91.216667,"lat":14.75}},{"_id":3589433,"name":"Santa Clara La Laguna","country":"GT","coord":{"lon":-91.300003,"lat":14.71667}},{"_id":3589454,"name":"Santa Catarina Palopo","country":"GT","coord":{"lon":-91.133331,"lat":14.71667}},{"_id":3589458,"name":"Santa Catarina Ixtahuacan","country":"GT","coord":{"lon":-91.366669,"lat":14.8}},{"_id":3589468,"name":"Santa Barbara","country":"GT","coord":{"lon":-91.616669,"lat":15.31667}},{"_id":3589475,"name":"Santa Barbara","country":"GT","coord":{"lon":-91.23333,"lat":14.43333}},{"_id":3589480,"name":"Santa Apolonia","country":"GT","coord":{"lon":-90.970833,"lat":14.79139}},{"_id":3589498,"name":"Santa Ana Huista","country":"GT","coord":{"lon":-91.816673,"lat":15.68333}},{"_id":3589507,"name":"Santa Ana","country":"GT","coord":{"lon":-89.833328,"lat":16.799999}},{"_id":3589541,"name":"San Sebastian Huehuetenango","country":"GT","coord":{"lon":-91.583328,"lat":15.38333}},{"_id":3589548,"name":"San Sebastian","country":"GT","coord":{"lon":-91.650002,"lat":14.56667}},{"_id":3589554,"name":"Sansare","country":"GT","coord":{"lon":-90.112503,"lat":14.74722}},{"_id":3589569,"name":"San Raimundo","country":"GT","coord":{"lon":-90.595558,"lat":14.76472}},{"_id":3589577,"name":"San Rafael Pie de La Cuesta","country":"GT","coord":{"lon":-91.916672,"lat":14.93333}},{"_id":3589579,"name":"San Rafael Petzal","country":"GT","coord":{"lon":-91.664513,"lat":15.40487}},{"_id":3589592,"name":"San Rafael Las Flores","country":"GT","coord":{"lon":-90.173332,"lat":14.48139}},{"_id":3589595,"name":"San Rafael La Independencia","country":"GT","coord":{"lon":-91.533333,"lat":15.71667}},{"_id":3589632,"name":"San Pedro Necta","country":"GT","coord":{"lon":-91.76667,"lat":15.5}},{"_id":3589640,"name":"San Pedro Jocopilas","country":"GT","coord":{"lon":-91.15139,"lat":15.09444}},{"_id":3589669,"name":"San Pablo La Laguna","country":"GT","coord":{"lon":-91.26667,"lat":14.71667}},{"_id":3589677,"name":"San Pablo","country":"GT","coord":{"lon":-92.0,"lat":14.93333}},{"_id":3589706,"name":"San Miguel Siguila","country":"GT","coord":{"lon":-91.616669,"lat":14.9}},{"_id":3589709,"name":"San Miguel Panan","country":"GT","coord":{"lon":-91.366669,"lat":14.53333}},{"_id":3589720,"name":"San Miguel Ixtahuacan","country":"GT","coord":{"lon":-91.75,"lat":15.25}},{"_id":3589727,"name":"San Miguel Duenas","country":"GT","coord":{"lon":-90.798332,"lat":14.52389}},{"_id":3589734,"name":"San Miguel Acatan","country":"GT","coord":{"lon":-91.616669,"lat":15.7}},{"_id":3589770,"name":"San Mateo Ixtatan","country":"GT","coord":{"lon":-91.478058,"lat":15.83194}},{"_id":3589774,"name":"San Mateo","country":"GT","coord":{"lon":-91.583328,"lat":14.86667}},{"_id":3589776,"name":"San Martin Zapotitlan","country":"GT","coord":{"lon":-91.599998,"lat":14.6}},{"_id":3589778,"name":"San Martin Sacatepequez","country":"GT","coord":{"lon":-91.650002,"lat":14.81667}},{"_id":3589795,"name":"San Marcos La Laguna","country":"GT","coord":{"lon":-91.26667,"lat":14.71667}},{"_id":3589812,"name":"San Manuel Chaparron","country":"GT","coord":{"lon":-89.76667,"lat":14.51667}},{"_id":3589822,"name":"San Luis Jilotepeque","country":"GT","coord":{"lon":-89.73333,"lat":14.65}},{"_id":3589824,"name":"San Luis Ixcan","country":"GT","coord":{"lon":-91.095001,"lat":15.78722}},{"_id":3589841,"name":"San Luis","country":"GT","coord":{"lon":-89.440277,"lat":16.198891}},{"_id":3589865,"name":"San Lorenzo","country":"GT","coord":{"lon":-91.73333,"lat":15.03333}},{"_id":3589869,"name":"San Lorenzo","country":"GT","coord":{"lon":-91.51667,"lat":14.48333}},{"_id":3589880,"name":"San Juan Tecuaco","country":"GT","coord":{"lon":-90.261108,"lat":14.08222}},{"_id":3589896,"name":"San Juan La Laguna","country":"GT","coord":{"lon":-91.283333,"lat":14.7}},{"_id":3589900,"name":"San Juan Ixcoy","country":"GT","coord":{"lon":-91.445282,"lat":15.59972}},{"_id":3589903,"name":"San Juan Ermita","country":"GT","coord":{"lon":-89.433327,"lat":14.76667}},{"_id":3589913,"name":"San Juan Cotzal","country":"GT","coord":{"lon":-91.034172,"lat":15.43417}},{"_id":3589917,"name":"San Juan Chamelco","country":"GT","coord":{"lon":-90.333328,"lat":15.43333}},{"_id":3589923,"name":"San Juan Bautista","country":"GT","coord":{"lon":-91.183327,"lat":14.41667}},{"_id":3589925,"name":"San Juan Atitan","country":"GT","coord":{"lon":-91.633331,"lat":15.43333}},{"_id":3589983,"name":"San Jose Ojetenan","country":"GT","coord":{"lon":-91.966667,"lat":15.21667}},{"_id":3590017,"name":"San Jose La Arada","country":"GT","coord":{"lon":-89.583328,"lat":14.71667}},{"_id":3590029,"name":"San Jose El Idolo","country":"GT","coord":{"lon":-91.416672,"lat":14.45}},{"_id":3590030,"name":"San Jose del Golfo","country":"GT","coord":{"lon":-90.376389,"lat":14.76278}},{"_id":3590053,"name":"San Jose Acatempa","country":"GT","coord":{"lon":-90.126938,"lat":14.26528}},{"_id":3590069,"name":"San Jose","country":"GT","coord":{"lon":-89.900002,"lat":16.98333}},{"_id":3590127,"name":"San Jacinto","country":"GT","coord":{"lon":-89.5,"lat":14.66667}},{"_id":3590188,"name":"San Gaspar Ixchil","country":"GT","coord":{"lon":-91.716667,"lat":15.38333}},{"_id":3590195,"name":"San Gabriel","country":"GT","coord":{"lon":-91.51667,"lat":14.51667}},{"_id":3590213,"name":"San Francisco La Union","country":"GT","coord":{"lon":-91.533333,"lat":14.91667}},{"_id":3590249,"name":"San Francisco","country":"GT","coord":{"lon":-89.933327,"lat":16.799999}},{"_id":3590318,"name":"San Cristobal Totonicapan","country":"GT","coord":{"lon":-91.433327,"lat":14.91667}},{"_id":3590323,"name":"San Cristobal Cucho","country":"GT","coord":{"lon":-91.783333,"lat":14.9}},{"_id":3590325,"name":"San Cristobal Acasaguastlan","country":"GT","coord":{"lon":-89.883331,"lat":14.91667}},{"_id":3590347,"name":"San Carlos Sija","country":"GT","coord":{"lon":-91.550003,"lat":14.98333}},{"_id":3590384,"name":"San Bernardino","country":"GT","coord":{"lon":-91.449997,"lat":14.53333}},{"_id":3590395,"name":"San Bartolome Jocotenango","country":"GT","coord":{"lon":-91.077217,"lat":15.19278}},{"_id":3590399,"name":"San Bartolo","country":"GT","coord":{"lon":-91.455833,"lat":15.08444}},{"_id":3590419,"name":"San Antonio Sacatepequez","country":"GT","coord":{"lon":-91.73333,"lat":14.96667}},{"_id":3590424,"name":"San Antonio Palopo","country":"GT","coord":{"lon":-91.116669,"lat":14.7}},{"_id":3590449,"name":"San Antonio La Paz","country":"GT","coord":{"lon":-90.286667,"lat":14.74972}},{"_id":3590456,"name":"San Antonio Ilotenango","country":"GT","coord":{"lon":-91.229721,"lat":15.05472}},{"_id":3590458,"name":"San Antonio Huista","country":"GT","coord":{"lon":-91.76667,"lat":15.65}},{"_id":3590475,"name":"San Antonio Aguas Calientes","country":"GT","coord":{"lon":-90.76944,"lat":14.53972}},{"_id":3590520,"name":"San Andres Xecul","country":"GT","coord":{"lon":-91.48333,"lat":14.9}},{"_id":3590522,"name":"San Andres Villa Seca","country":"GT","coord":{"lon":-91.583328,"lat":14.56667}},{"_id":3590526,"name":"San Andres Sajcabaja","country":"GT","coord":{"lon":-90.916672,"lat":15.21667}},{"_id":3590537,"name":"San Andres","country":"GT","coord":{"lon":-89.916672,"lat":16.966669}},{"_id":3590567,"name":"Samayac","country":"GT","coord":{"lon":-91.461349,"lat":14.58084}},{"_id":3590605,"name":"Salcaja","country":"GT","coord":{"lon":-91.449997,"lat":14.88333}},{"_id":3590616,"name":"Salama","country":"GT","coord":{"lon":-90.26667,"lat":15.1}},{"_id":3590690,"name":"Sacapulas","country":"GT","coord":{"lon":-91.087219,"lat":15.28667}},{"_id":3590804,"name":"Rio Bravo","country":"GT","coord":{"lon":-91.316673,"lat":14.4}},{"_id":3590987,"name":"Quesada","country":"GT","coord":{"lon":-90.040283,"lat":14.27028}},{"_id":3591028,"name":"Purulha","country":"GT","coord":{"lon":-90.199997,"lat":15.26667}},{"_id":3591092,"name":"Pueblo Nuevo Vinas","country":"GT","coord":{"lon":-90.474167,"lat":14.22583}},{"_id":3591106,"name":"Pueblo Nuevo","country":"GT","coord":{"lon":-91.533333,"lat":14.65}},{"_id":3591517,"name":"Patzite","country":"GT","coord":{"lon":-91.216667,"lat":14.96667}},{"_id":3591574,"name":"Pastores","country":"GT","coord":{"lon":-90.754723,"lat":14.59667}},{"_id":3591618,"name":"Pasaco","country":"GT","coord":{"lon":-90.20639,"lat":13.97722}},{"_id":3591750,"name":"Panajachel","country":"GT","coord":{"lon":-91.150002,"lat":14.73333}},{"_id":3591841,"name":"Palestina de los Altos","country":"GT","coord":{"lon":-91.699997,"lat":14.93333}},{"_id":3591885,"name":"Pajapita","country":"GT","coord":{"lon":-92.033333,"lat":14.71667}},{"_id":3591955,"name":"Pachalum","country":"GT","coord":{"lon":-90.662781,"lat":14.92472}},{"_id":3592019,"name":"Oratorio","country":"GT","coord":{"lon":-90.175827,"lat":14.22806}},{"_id":3592035,"name":"Olopa","country":"GT","coord":{"lon":-89.349998,"lat":14.68333}},{"_id":3592086,"name":"Ocos","country":"GT","coord":{"lon":-92.193329,"lat":14.50944}},{"_id":3592108,"name":"Nuevo Progreso","country":"GT","coord":{"lon":-91.916672,"lat":14.8}},{"_id":3592145,"name":"Nueva Concepcion","country":"GT","coord":{"lon":-91.300003,"lat":14.2}},{"_id":3592217,"name":"Nenton","country":"GT","coord":{"lon":-91.75,"lat":15.8}},{"_id":3592322,"name":"Moyuta","country":"GT","coord":{"lon":-90.080833,"lat":14.03861}},{"_id":3592642,"name":"Masagua","country":"GT","coord":{"lon":-90.848061,"lat":14.20306}},{"_id":3592751,"name":"Malacatancito","country":"GT","coord":{"lon":-91.51667,"lat":15.21667}},{"_id":3592753,"name":"Malacatan","country":"GT","coord":{"lon":-92.050003,"lat":14.9}},{"_id":3593376,"name":"Livingston","country":"GT","coord":{"lon":-88.750389,"lat":15.82826}},{"_id":3593500,"name":"La Union","country":"GT","coord":{"lon":-89.283333,"lat":14.96667}},{"_id":3594315,"name":"Lanquin","country":"GT","coord":{"lon":-89.966667,"lat":15.56667}},{"_id":3594422,"name":"La Libertad","country":"GT","coord":{"lon":-90.116669,"lat":16.783331}},{"_id":3594423,"name":"La Libertad","country":"GT","coord":{"lon":-91.833328,"lat":15.5}},{"_id":3595181,"name":"Jocotan","country":"GT","coord":{"lon":-89.383331,"lat":14.81667}},{"_id":3595224,"name":"Jerez","country":"GT","coord":{"lon":-89.75,"lat":14.1}},{"_id":3595232,"name":"Jalpatagua","country":"GT","coord":{"lon":-90.008614,"lat":14.14167}},{"_id":3595255,"name":"Iztapa","country":"GT","coord":{"lon":-90.707497,"lat":13.93333}},{"_id":3595282,"name":"Ixtahuacan","country":"GT","coord":{"lon":-91.76667,"lat":15.41667}},{"_id":3595329,"name":"Ixchiguan","country":"GT","coord":{"lon":-91.883331,"lat":15.2}},{"_id":3595366,"name":"Ipala","country":"GT","coord":{"lon":-89.616669,"lat":14.61667}},{"_id":3595403,"name":"Huite","country":"GT","coord":{"lon":-89.716667,"lat":14.93333}},{"_id":3595406,"name":"Huitan","country":"GT","coord":{"lon":-91.616669,"lat":15.1}},{"_id":3595554,"name":"Guanagazapa","country":"GT","coord":{"lon":-90.643333,"lat":14.22528}},{"_id":3595674,"name":"Genova","country":"GT","coord":{"lon":-91.833328,"lat":14.61667}},{"_id":3595721,"name":"Flores Costa Cuca","country":"GT","coord":{"lon":-91.816673,"lat":14.65}},{"_id":3595778,"name":"Esquipulas Palo Gordo","country":"GT","coord":{"lon":-91.816673,"lat":14.93333}},{"_id":3595929,"name":"El Tumbador","country":"GT","coord":{"lon":-91.933327,"lat":14.86667}},{"_id":3596249,"name":"El Rodeo","country":"GT","coord":{"lon":-91.966667,"lat":14.91667}},{"_id":3596389,"name":"El Quetzal","country":"GT","coord":{"lon":-91.816673,"lat":14.76667}},{"_id":3596423,"name":"El Progreso","country":"GT","coord":{"lon":-89.849998,"lat":14.35}},{"_id":3596940,"name":"El Jicaro","country":"GT","coord":{"lon":-89.900002,"lat":14.91667}},{"_id":3597301,"name":"El Chol","country":"GT","coord":{"lon":-90.48056,"lat":14.96417}},{"_id":3597587,"name":"El Asintal","country":"GT","coord":{"lon":-91.73333,"lat":14.6}},{"_id":3597676,"name":"El Adelanto","country":"GT","coord":{"lon":-89.833328,"lat":14.16667}},{"_id":3597722,"name":"Dolores","country":"GT","coord":{"lon":-89.415833,"lat":16.51417}},{"_id":3597750,"name":"Cuyotenango","country":"GT","coord":{"lon":-91.566673,"lat":14.53333}},{"_id":3597772,"name":"Cunen","country":"GT","coord":{"lon":-91.026939,"lat":15.3375}},{"_id":3597802,"name":"Cuilco","country":"GT","coord":{"lon":-91.966667,"lat":15.4}},{"_id":3597966,"name":"Conguaco","country":"GT","coord":{"lon":-90.031113,"lat":14.04417}},{"_id":3597976,"name":"Concepcion Tutuapa","country":"GT","coord":{"lon":-91.783333,"lat":15.28333}},{"_id":3597985,"name":"Concepcion Las Minas","country":"GT","coord":{"lon":-89.449997,"lat":14.51667}},{"_id":3597993,"name":"Concepcion Chiquirichapa","country":"GT","coord":{"lon":-91.616669,"lat":14.85}},{"_id":3598005,"name":"Concepcion","country":"GT","coord":{"lon":-91.683327,"lat":15.61667}},{"_id":3598006,"name":"Concepcion","country":"GT","coord":{"lon":-91.150002,"lat":14.78333}},{"_id":3598031,"name":"Comapa","country":"GT","coord":{"lon":-89.916672,"lat":14.11667}},{"_id":3598041,"name":"Colotenango","country":"GT","coord":{"lon":-91.712669,"lat":15.40602}},{"_id":3598129,"name":"Ciudad Tecun Uman","country":"GT","coord":{"lon":-92.150002,"lat":14.66667}},{"_id":3598277,"name":"Chuarrancho","country":"GT","coord":{"lon":-90.508614,"lat":14.82167}},{"_id":3598462,"name":"Chiquimulilla","country":"GT","coord":{"lon":-90.376671,"lat":14.08583}},{"_id":3598670,"name":"Chicaman","country":"GT","coord":{"lon":-90.76667,"lat":15.4}},{"_id":3598692,"name":"Chiantla","country":"GT","coord":{"lon":-91.458328,"lat":15.35472}},{"_id":3598804,"name":"Chajul","country":"GT","coord":{"lon":-91.034172,"lat":15.48528}},{"_id":3598825,"name":"Chahal","country":"GT","coord":{"lon":-89.566673,"lat":15.75}},{"_id":3598958,"name":"Catarina","country":"GT","coord":{"lon":-92.083328,"lat":14.85}},{"_id":3599094,"name":"Canilla","country":"GT","coord":{"lon":-90.849998,"lat":15.16667}},{"_id":3599253,"name":"Cajola","country":"GT","coord":{"lon":-91.616669,"lat":14.91667}},{"_id":3599265,"name":"Cahabon","country":"GT","coord":{"lon":-89.816673,"lat":15.56667}},{"_id":3599287,"name":"Cabrican","country":"GT","coord":{"lon":-91.616669,"lat":15.13333}},{"_id":3599575,"name":"Barillas","country":"GT","coord":{"lon":-91.315826,"lat":15.80361}},{"_id":3599633,"name":"Atescatempa","country":"GT","coord":{"lon":-89.7425,"lat":14.17444}},{"_id":3599793,"name":"Almolonga","country":"GT","coord":{"lon":-91.5,"lat":14.81667}},{"_id":3599972,"name":"Agua Blanca","country":"GT","coord":{"lon":-89.650002,"lat":14.5}}]}
