{"countryCode":"KY","countryName":"Cayman Islands","countryFilePath":"KY.json","countryCityList":[{"_id":3580529,"name":"Savannah","country":"KY","coord":{"lon":-81.300003,"lat":19.26667}},{"_id":3580718,"name":"Cayman Islands","country":"KY","coord":{"lon":-80.666672,"lat":19.5}},{"_id":3580601,"name":"Lower Valley","country":"KY","coord":{"lon":-81.283333,"lat":19.283331}},{"_id":3580619,"name":"Lambert House","country":"KY","coord":{"lon":-81.400002,"lat":19.26667}},{"_id":3580661,"name":"George Town","country":"KY","coord":{"lon":-81.367058,"lat":19.286921}},{"_id":3580686,"name":"Dog City","country":"KY","coord":{"lon":-81.383331,"lat":19.299999}},{"_id":3580678,"name":"East End","country":"KY","coord":{"lon":-81.116669,"lat":19.299999}},{"_id":3580575,"name":"North Side","country":"KY","coord":{"lon":-81.199997,"lat":19.35}},{"_id":3580572,"name":"North Sound Estates","country":"KY","coord":{"lon":-81.300003,"lat":19.299999}},{"_id":3580477,"name":"West Bay","country":"KY","coord":{"lon":-81.416672,"lat":19.366671}},{"_id":3580733,"name":"Bodden Town","country":"KY","coord":{"lon":-81.25,"lat":19.283331}}]}
