{"countryCode":"SM","countryName":"San Marino","countryFilePath":"SM.json","countryCityList":[{"_id":8199069,"name":"Santa Mustiola","country":"SM","coord":{"lon":12.43858,"lat":43.93388}},{"_id":3345302,"name":"Castello di San Marino Città","country":"SM","coord":{"lon":12.45,"lat":43.933331}},{"_id":3168068,"name":"Repubblica di San Marino","country":"SM","coord":{"lon":12.41667,"lat":43.933331}},{"_id":3168070,"name":"San Marino","country":"SM","coord":{"lon":12.45,"lat":43.933331}},{"_id":3166645,"name":"Serravalle","country":"SM","coord":{"lon":12.48167,"lat":43.968971}},{"_id":3170472,"name":"Poggio di Chiesanuova","country":"SM","coord":{"lon":12.42142,"lat":43.90451}},{"_id":3172906,"name":"Monte Giardino","country":"SM","coord":{"lon":12.48201,"lat":43.908779}},{"_id":3176966,"name":"Fiorentino","country":"SM","coord":{"lon":12.45738,"lat":43.910011}},{"_id":3177299,"name":"Faetano","country":"SM","coord":{"lon":12.49798,"lat":43.92831}},{"_id":3177542,"name":"Domagnano","country":"SM","coord":{"lon":12.47008,"lat":43.952789}},{"_id":3181793,"name":"Borgo Maggiore","country":"SM","coord":{"lon":12.44738,"lat":43.941929}},{"_id":3183500,"name":"Acquaviva","country":"SM","coord":{"lon":12.4185,"lat":43.94593}}]}
