{"countryCode":"DM","countryName":"Dominica","countryFilePath":"DM.json","countryCityList":[{"_id":3575624,"name":"Saint Joseph","country":"DM","coord":{"lon":-61.433331,"lat":15.4}},{"_id":3575626,"name":"Saint John","country":"DM","coord":{"lon":-61.450001,"lat":15.58333}},{"_id":3575863,"name":"Clifton","country":"DM","coord":{"lon":-61.466671,"lat":15.58333}},{"_id":3575602,"name":"Soufriere","country":"DM","coord":{"lon":-61.366669,"lat":15.23333}},{"_id":3575830,"name":"Dominica","country":"DM","coord":{"lon":-61.333328,"lat":15.5}},{"_id":3575625,"name":"Saint Joseph","country":"DM","coord":{"lon":-61.433331,"lat":15.43333}},{"_id":3575612,"name":"Salisbury","country":"DM","coord":{"lon":-61.450001,"lat":15.43333}},{"_id":3575630,"name":"Saint David","country":"DM","coord":{"lon":-61.283329,"lat":15.46667}},{"_id":3575870,"name":"Castle Bruce","country":"DM","coord":{"lon":-61.26667,"lat":15.43333}},{"_id":3575761,"name":"Lagon","country":"DM","coord":{"lon":-61.466671,"lat":15.58333}},{"_id":3575639,"name":"Rosalie","country":"DM","coord":{"lon":-61.26667,"lat":15.36667}},{"_id":3575632,"name":"Saint Andrew","country":"DM","coord":{"lon":-61.366669,"lat":15.56667}},{"_id":3575565,"name":"Woodford Hill","country":"DM","coord":{"lon":-61.333328,"lat":15.56667}},{"_id":3575628,"name":"Saint George","country":"DM","coord":{"lon":-61.366669,"lat":15.3}},{"_id":3575737,"name":"Loubiere","country":"DM","coord":{"lon":-61.383331,"lat":15.26667}},{"_id":3575578,"name":"Trafalgar","country":"DM","coord":{"lon":-61.349998,"lat":15.31667}},{"_id":3575721,"name":"Marigot","country":"DM","coord":{"lon":-61.299999,"lat":15.53333}},{"_id":3575619,"name":"Saint Paul","country":"DM","coord":{"lon":-61.383331,"lat":15.35}},{"_id":3575641,"name":"Roger","country":"DM","coord":{"lon":-61.400002,"lat":15.33333}},{"_id":3575635,"name":"Roseau","country":"DM","coord":{"lon":-61.388081,"lat":15.30174}},{"_id":3575568,"name":"Wesley","country":"DM","coord":{"lon":-61.316669,"lat":15.56667}},{"_id":3575621,"name":"Saint Mark","country":"DM","coord":{"lon":-61.366669,"lat":15.21667}},{"_id":3575654,"name":"Portsmouth","country":"DM","coord":{"lon":-61.466671,"lat":15.58333}},{"_id":3575622,"name":"Saint Luke","country":"DM","coord":{"lon":-61.383331,"lat":15.26667}},{"_id":3575660,"name":"Pointe Michel","country":"DM","coord":{"lon":-61.383331,"lat":15.25}},{"_id":3575733,"name":"Mahaut","country":"DM","coord":{"lon":-61.400002,"lat":15.35}},{"_id":3575620,"name":"Saint Patrick","country":"DM","coord":{"lon":-61.299999,"lat":15.28333}},{"_id":3575755,"name":"La Plaine","country":"DM","coord":{"lon":-61.25,"lat":15.33333}},{"_id":3575882,"name":"Calibishie","country":"DM","coord":{"lon":-61.349998,"lat":15.58333}},{"_id":3575899,"name":"Berekua","country":"DM","coord":{"lon":-61.316669,"lat":15.23333}}]}
