{"countryCode":"FJ","countryName":"Fiji","countryFilePath":"FJ.json","countryCityList":[{"_id":2201316,"name":"Nasirotu","country":"FJ","coord":{"lon":178.25,"lat":-18.033331}},{"_id":2204582,"name":"Lambasa","country":"FJ","coord":{"lon":179.383331,"lat":-16.41667}},{"_id":2201079,"name":"Nathekoro","country":"FJ","coord":{"lon":179.333328,"lat":-16.799999}},{"_id":2204113,"name":"Malsa’a","country":"FJ","coord":{"lon":177.066666,"lat":-12.48333}},{"_id":4036017,"name":"Naselesele","country":"FJ","coord":{"lon":-179.866669,"lat":-16.700001}},{"_id":4036024,"name":"Nasanggalau","country":"FJ","coord":{"lon":-178.800003,"lat":-18.183331}},{"_id":2202999,"name":"Nakama","country":"FJ","coord":{"lon":179.350006,"lat":-16.48333}},{"_id":2201391,"name":"Naselai","country":"FJ","coord":{"lon":178.566666,"lat":-18.049999}},{"_id":7302224,"name":"Namaka","country":"FJ","coord":{"lon":177.433228,"lat":-17.76581}},{"_id":2205272,"name":"Central Division","country":"FJ","coord":{"lon":178.333328,"lat":-18.0}},{"_id":2199295,"name":"Northern Division","country":"FJ","coord":{"lon":179.5,"lat":-16.5}},{"_id":2202064,"name":"Nadi","country":"FJ","coord":{"lon":177.416672,"lat":-17.799999}},{"_id":2205218,"name":"Republic of Fiji","country":"FJ","coord":{"lon":178.0,"lat":-18.0}},{"_id":2194371,"name":"Western Division","country":"FJ","coord":{"lon":177.5,"lat":-18.0}},{"_id":2204506,"name":"Lautoka","country":"FJ","coord":{"lon":177.466675,"lat":-17.616671}},{"_id":2202179,"name":"Namotomoto","country":"FJ","coord":{"lon":177.416672,"lat":-17.799999}},{"_id":2198148,"name":"Suva","country":"FJ","coord":{"lon":178.441483,"lat":-18.141609}}]}
