{"countryCode":"JM","countryName":"Jamaica","countryFilePath":"JM.json","countryCityList":[{"_id":3489227,"name":"Old Harbour","country":"JM","coord":{"lon":-77.108978,"lat":17.941441}},{"_id":3489297,"name":"New Kingston","country":"JM","coord":{"lon":-76.783188,"lat":18.007469}},{"_id":3489882,"name":"Kencot","country":"JM","coord":{"lon":-76.796982,"lat":17.999161}},{"_id":3488465,"name":"Spanish Town","country":"JM","coord":{"lon":-76.95742,"lat":17.99107}},{"_id":3489586,"name":"Parish of Manchester","country":"JM","coord":{"lon":-77.533333,"lat":18.049999}},{"_id":3489577,"name":"Mandeville","country":"JM","coord":{"lon":-77.507141,"lat":18.041679}},{"_id":3489760,"name":"Linstead","country":"JM","coord":{"lon":-77.031708,"lat":18.136829}},{"_id":3490165,"name":"Half Way Tree","country":"JM","coord":{"lon":-76.799278,"lat":18.01248}},{"_id":3489523,"name":"May Pen","country":"JM","coord":{"lon":-77.245148,"lat":17.96454}},{"_id":3489940,"name":"Jamaica","country":"JM","coord":{"lon":-77.5,"lat":18.25}},{"_id":3488716,"name":"Parish of Saint Andrew","country":"JM","coord":{"lon":-76.75,"lat":18.066669}},{"_id":3489854,"name":"Kingston","country":"JM","coord":{"lon":-76.793579,"lat":17.997021}},{"_id":3488700,"name":"Parish of Saint James","country":"JM","coord":{"lon":-77.883331,"lat":18.383329}},{"_id":3489460,"name":"Montego Bay","country":"JM","coord":{"lon":-77.918831,"lat":18.471161}},{"_id":3488081,"name":"Parish of Westmoreland","country":"JM","coord":{"lon":-78.150002,"lat":18.23333}},{"_id":3488063,"name":"Whitehall","country":"JM","coord":{"lon":-78.345421,"lat":18.274401}},{"_id":3488711,"name":"Parish of Saint Catherine","country":"JM","coord":{"lon":-77.01667,"lat":18.066669}},{"_id":3488867,"name":"Rest Pen","country":"JM","coord":{"lon":-77.116669,"lat":17.933331}},{"_id":3488981,"name":"Portmore","country":"JM","coord":{"lon":-76.867218,"lat":17.97024}},{"_id":3491443,"name":"Beacon Hill","country":"JM","coord":{"lon":-76.949997,"lat":17.98333}},{"_id":3488222,"name":"Parish of Trelawny","country":"JM","coord":{"lon":-77.633331,"lat":18.383329}},{"_id":3491602,"name":"Albert Town","country":"JM","coord":{"lon":-77.542389,"lat":18.29434}},{"_id":3488715,"name":"Parish of Saint Ann","country":"JM","coord":{"lon":-77.26667,"lat":18.35}},{"_id":3491487,"name":"Bamboo","country":"JM","coord":{"lon":-77.26429,"lat":18.39216}},{"_id":3490952,"name":"Parish of Clarendon","country":"JM","coord":{"lon":-77.300003,"lat":17.98333}},{"_id":3491187,"name":"Bryans Pen","country":"JM","coord":{"lon":-77.23333,"lat":17.966669}},{"_id":3490145,"name":"Parish of Hanover","country":"JM","coord":{"lon":-78.133331,"lat":18.41667}},{"_id":3489657,"name":"Lucea","country":"JM","coord":{"lon":-78.173561,"lat":18.450951}},{"_id":3489054,"name":"Phoenix Park","country":"JM","coord":{"lon":-78.133331,"lat":18.216669}},{"_id":3488997,"name":"Parish of Portland","country":"JM","coord":{"lon":-76.533333,"lat":18.133329}},{"_id":3489005,"name":"Port Antonio","country":"JM","coord":{"lon":-76.461212,"lat":18.179979}},{"_id":3488693,"name":"Parish of Saint Mary","country":"JM","coord":{"lon":-76.900002,"lat":18.316669}},{"_id":3489572,"name":"Mannings Town","country":"JM","coord":{"lon":-76.894859,"lat":18.367929}},{"_id":3491169,"name":"Bull Bay","country":"JM","coord":{"lon":-76.666023,"lat":17.94372}},{"_id":3488637,"name":"Sandy Bay","country":"JM","coord":{"lon":-77.183327,"lat":17.816669}},{"_id":3491519,"name":"August Town","country":"JM","coord":{"lon":-76.741562,"lat":17.99522}},{"_id":3490205,"name":"Gregory Park","country":"JM","coord":{"lon":-76.88134,"lat":17.995581}},{"_id":3488708,"name":"Parish of Saint Elizabeth","country":"JM","coord":{"lon":-77.783333,"lat":18.049999}},{"_id":3490020,"name":"Hopewell","country":"JM","coord":{"lon":-77.778069,"lat":17.94945}},{"_id":3491379,"name":"Bethlehem","country":"JM","coord":{"lon":-77.699997,"lat":17.966669}},{"_id":3489741,"name":"Little London","country":"JM","coord":{"lon":-78.216408,"lat":18.248301}},{"_id":3491603,"name":"Albert Arms","country":"JM","coord":{"lon":-77.699997,"lat":18.049999}},{"_id":3489758,"name":"Lionel Town","country":"JM","coord":{"lon":-77.240608,"lat":17.81007}},{"_id":3490136,"name":"Harbour View","country":"JM","coord":{"lon":-76.717102,"lat":17.95336}},{"_id":3490945,"name":"Clarks Town","country":"JM","coord":{"lon":-77.216667,"lat":18.4}},{"_id":3491293,"name":"Bog Walk","country":"JM","coord":{"lon":-77.005409,"lat":18.102051}},{"_id":3489113,"name":"Passage Fort","country":"JM","coord":{"lon":-76.868668,"lat":17.976}},{"_id":3489480,"name":"Minho","country":"JM","coord":{"lon":-77.333328,"lat":18.133329}},{"_id":3489016,"name":"Plum Corner","country":"JM","coord":{"lon":-77.48333,"lat":18.41667}},{"_id":3489782,"name":"Liberty Valley","country":"JM","coord":{"lon":-77.366669,"lat":18.4}},{"_id":3488379,"name":"Stony Hill","country":"JM","coord":{"lon":-76.480453,"lat":18.18088}},{"_id":3488164,"name":"Up Park Camp","country":"JM","coord":{"lon":-76.779602,"lat":17.99415}},{"_id":3488618,"name":"Santa Maria","country":"JM","coord":{"lon":-76.877899,"lat":18.075251}},{"_id":3488688,"name":"Parish of Saint Thomas","country":"JM","coord":{"lon":-76.433327,"lat":17.9}},{"_id":3489218,"name":"Old Lee Gate","country":"JM","coord":{"lon":-76.466667,"lat":17.950001}},{"_id":3489387,"name":"Mount Nebo","country":"JM","coord":{"lon":-77.349998,"lat":18.08333}},{"_id":3491013,"name":"Central Village","country":"JM","coord":{"lon":-76.920959,"lat":17.99757}},{"_id":3490950,"name":"Clarendon Park","country":"JM","coord":{"lon":-77.371597,"lat":17.99354}},{"_id":3489534,"name":"Matildas Corner","country":"JM","coord":{"lon":-76.76667,"lat":18.033331}},{"_id":3489781,"name":"Liguanea","country":"JM","coord":{"lon":-76.764351,"lat":18.017611}},{"_id":3489135,"name":"Papine","country":"JM","coord":{"lon":-76.737534,"lat":18.011999}},{"_id":3489467,"name":"Mona Heights","country":"JM","coord":{"lon":-76.751862,"lat":18.01375}},{"_id":6690260,"name":"Glengoffe","country":"JM","coord":{"lon":-76.890053,"lat":18.146009}},{"_id":3490639,"name":"Dumblane","country":"JM","coord":{"lon":-77.73333,"lat":17.883329}},{"_id":3490890,"name":"Comfort Village","country":"JM","coord":{"lon":-77.326317,"lat":17.947969}},{"_id":3488894,"name":"Rectory","country":"JM","coord":{"lon":-77.883331,"lat":18.066669}},{"_id":3488302,"name":"Thatch Pen","country":"JM","coord":{"lon":-77.316673,"lat":18.01667}},{"_id":3490994,"name":"Chatham","country":"JM","coord":{"lon":-77.918968,"lat":18.49264}},{"_id":3487963,"name":"Yallahs","country":"JM","coord":{"lon":-76.562447,"lat":17.8748}},{"_id":3488020,"name":"Williamsfield","country":"JM","coord":{"lon":-77.466667,"lat":18.066669}},{"_id":3488133,"name":"Wakefield","country":"JM","coord":{"lon":-77.721832,"lat":18.412109}},{"_id":3488180,"name":"Ulster Spring","country":"JM","coord":{"lon":-77.520668,"lat":18.314819}},{"_id":3488217,"name":"Trinity Ville","country":"JM","coord":{"lon":-76.514267,"lat":17.96076}},{"_id":3488380,"name":"Stony Hill","country":"JM","coord":{"lon":-76.791092,"lat":18.075371}},{"_id":3488479,"name":"Southfield","country":"JM","coord":{"lon":-77.66713,"lat":17.8878}},{"_id":3488540,"name":"Siloah","country":"JM","coord":{"lon":-77.703484,"lat":18.167089}},{"_id":3488597,"name":"Seaforth","country":"JM","coord":{"lon":-76.457298,"lat":17.93578}},{"_id":3488613,"name":"Savanna-la-Mar","country":"JM","coord":{"lon":-78.133202,"lat":18.21895}},{"_id":3488620,"name":"Santa Cruz","country":"JM","coord":{"lon":-77.698357,"lat":18.05336}},{"_id":3488635,"name":"Sandy Bay","country":"JM","coord":{"lon":-78.073212,"lat":18.44854}},{"_id":3488713,"name":"Saint Anns Bay","country":"JM","coord":{"lon":-77.200981,"lat":18.43581}},{"_id":3488726,"name":"Runaway Bay","country":"JM","coord":{"lon":-77.335701,"lat":18.45962}},{"_id":3488777,"name":"Rocky Point","country":"JM","coord":{"lon":-77.26107,"lat":17.774}},{"_id":3488809,"name":"Riversdale","country":"JM","coord":{"lon":-76.964172,"lat":18.165859}},{"_id":3488834,"name":"Richmond","country":"JM","coord":{"lon":-76.890778,"lat":18.2439}},{"_id":3488914,"name":"Race Course","country":"JM","coord":{"lon":-77.282227,"lat":17.840191}},{"_id":3488977,"name":"Porus","country":"JM","coord":{"lon":-77.411659,"lat":18.035351}},{"_id":3488980,"name":"Port Royal","country":"JM","coord":{"lon":-76.840813,"lat":17.93712}},{"_id":3488985,"name":"Port Maria","country":"JM","coord":{"lon":-76.889458,"lat":18.36849}},{"_id":3489011,"name":"Point Hill","country":"JM","coord":{"lon":-77.10759,"lat":18.08988}},{"_id":3489062,"name":"Petersfield","country":"JM","coord":{"lon":-78.071167,"lat":18.26158}},{"_id":3489200,"name":"Oracabessa","country":"JM","coord":{"lon":-76.946411,"lat":18.403191}},{"_id":3489225,"name":"Old Harbour Bay","country":"JM","coord":{"lon":-77.097183,"lat":17.90918}},{"_id":3489239,"name":"Ocho Rios","country":"JM","coord":{"lon":-77.104797,"lat":18.4025}},{"_id":3489331,"name":"Negril","country":"JM","coord":{"lon":-78.351799,"lat":18.278179}},{"_id":3489344,"name":"Nain","country":"JM","coord":{"lon":-77.598679,"lat":17.961201}},{"_id":3489440,"name":"Morant Bay","country":"JM","coord":{"lon":-76.409271,"lat":17.881451}},{"_id":3489445,"name":"Moore Town","country":"JM","coord":{"lon":-76.425774,"lat":18.077669}},{"_id":3489464,"name":"Moneague","country":"JM","coord":{"lon":-77.111771,"lat":18.27556}},{"_id":3489531,"name":"Mavis Bank","country":"JM","coord":{"lon":-76.666672,"lat":18.033331}},{"_id":3489555,"name":"Maroon Town","country":"JM","coord":{"lon":-77.795441,"lat":18.344641}},{"_id":3489582,"name":"Manchioneal","country":"JM","coord":{"lon":-76.282654,"lat":18.03969}},{"_id":3489603,"name":"Malvern","country":"JM","coord":{"lon":-77.70108,"lat":17.97291}},{"_id":3489633,"name":"Maggotty","country":"JM","coord":{"lon":-77.763489,"lat":18.16069}},{"_id":3489714,"name":"Lluidas Vale","country":"JM","coord":{"lon":-77.147636,"lat":18.12784}},{"_id":3489829,"name":"Lacovia","country":"JM","coord":{"lon":-77.754784,"lat":18.075001}},{"_id":3489888,"name":"Kellits","country":"JM","coord":{"lon":-77.23333,"lat":18.15}},{"_id":3489962,"name":"Islington","country":"JM","coord":{"lon":-76.85482,"lat":18.309219}},{"_id":3490031,"name":"Hope Bay","country":"JM","coord":{"lon":-76.562881,"lat":18.20195}},{"_id":3490106,"name":"Hayes","country":"JM","coord":{"lon":-77.237106,"lat":17.87569}},{"_id":3490293,"name":"Gordon Town","country":"JM","coord":{"lon":-76.717819,"lat":18.03578}},{"_id":3490318,"name":"Golden Grove","country":"JM","coord":{"lon":-76.272537,"lat":17.93362}},{"_id":3490368,"name":"Gayle","country":"JM","coord":{"lon":-77.009712,"lat":18.32642}},{"_id":3490520,"name":"Falmouth","country":"JM","coord":{"lon":-77.655869,"lat":18.49358}},{"_id":3490539,"name":"Ewarton","country":"JM","coord":{"lon":-77.076637,"lat":18.18084}},{"_id":3490616,"name":"Easington","country":"JM","coord":{"lon":-76.588242,"lat":17.923969}},{"_id":3490633,"name":"Duncans","country":"JM","coord":{"lon":-77.536331,"lat":18.468}},{"_id":3490716,"name":"Discovery Bay","country":"JM","coord":{"lon":-77.392448,"lat":18.45986}},{"_id":3490758,"name":"Darliston","country":"JM","coord":{"lon":-77.976257,"lat":18.23731}},{"_id":3490768,"name":"Dalvey","country":"JM","coord":{"lon":-76.248642,"lat":17.91184}},{"_id":3490880,"name":"Constant Spring","country":"JM","coord":{"lon":-76.793716,"lat":18.050779}},{"_id":3490899,"name":"Coleyville","country":"JM","coord":{"lon":-77.507538,"lat":18.20783}},{"_id":3491007,"name":"Chapelton","country":"JM","coord":{"lon":-77.26667,"lat":18.08333}},{"_id":3491055,"name":"Cascade","country":"JM","coord":{"lon":-78.103378,"lat":18.39747}},{"_id":3491102,"name":"Cambridge","country":"JM","coord":{"lon":-77.902519,"lat":18.313259}},{"_id":3491161,"name":"Bull Savanna","country":"JM","coord":{"lon":-77.590218,"lat":17.88678}},{"_id":3491175,"name":"Buff Bay","country":"JM","coord":{"lon":-76.661179,"lat":18.23288}},{"_id":3491327,"name":"Bluefields","country":"JM","coord":{"lon":-78.027023,"lat":18.166019}},{"_id":3491355,"name":"Black River","country":"JM","coord":{"lon":-77.848732,"lat":18.02636}},{"_id":3491381,"name":"Bethel Town","country":"JM","coord":{"lon":-77.951118,"lat":18.29504}},{"_id":3491448,"name":"Bath","country":"JM","coord":{"lon":-76.349159,"lat":17.9482}},{"_id":3491501,"name":"Balaclava","country":"JM","coord":{"lon":-77.643753,"lat":18.172279}},{"_id":3491556,"name":"Annotto Bay","country":"JM","coord":{"lon":-76.765228,"lat":18.2717}},{"_id":3491570,"name":"Anchovy","country":"JM","coord":{"lon":-77.931664,"lat":18.410299}},{"_id":3491586,"name":"Alligator Pond","country":"JM","coord":{"lon":-77.566673,"lat":17.87002}},{"_id":3491593,"name":"Alexandria","country":"JM","coord":{"lon":-77.353348,"lat":18.30768}},{"_id":8062858,"name":"Limit","country":"JM","coord":{"lon":-77.471207,"lat":18.15287}},{"_id":3490446,"name":"Four Paths","country":"JM","coord":{"lon":-77.291687,"lat":17.96953}}]}
