{"countryCode":"KN","countryName":"Saint Kitts and Nevis","countryFilePath":"KN.json","countryCityList":[{"_id":3575514,"name":"Brumaire","country":"KN","coord":{"lon":-62.73333,"lat":17.299999}},{"_id":3575174,"name":"Federation of Saint Kitts and Nevis","country":"KN","coord":{"lon":-62.75,"lat":17.33333}},{"_id":3575180,"name":"Saint George Basseterre","country":"KN","coord":{"lon":-62.683331,"lat":17.26667}},{"_id":3575167,"name":"Saint Peter’s","country":"KN","coord":{"lon":-62.716671,"lat":17.299999}},{"_id":3575164,"name":"Saint Thomas Middle Island","country":"KN","coord":{"lon":-62.799999,"lat":17.35}},{"_id":3575384,"name":"Half Way Tree","country":"KN","coord":{"lon":-62.816669,"lat":17.33333}},{"_id":3575116,"name":"Trants","country":"KN","coord":{"lon":-62.849998,"lat":17.383329}},{"_id":3575476,"name":"Christ Church Nichola Town","country":"KN","coord":{"lon":-62.76667,"lat":17.35}},{"_id":3575316,"name":"Lodge","country":"KN","coord":{"lon":-62.75,"lat":17.35}},{"_id":3575165,"name":"Saint Thomas Lowland","country":"KN","coord":{"lon":-62.599998,"lat":17.16667}},{"_id":3575458,"name":"Cotton Ground","country":"KN","coord":{"lon":-62.616669,"lat":17.16667}},{"_id":3575175,"name":"Saint John Figtree","country":"KN","coord":{"lon":-62.599998,"lat":17.116671}},{"_id":3575516,"name":"Brown Hill","country":"KN","coord":{"lon":-62.599998,"lat":17.116671}},{"_id":3575177,"name":"Saint James Windward","country":"KN","coord":{"lon":-62.566669,"lat":17.16667}},{"_id":3575261,"name":"Newcastle","country":"KN","coord":{"lon":-62.583328,"lat":17.200001}},{"_id":3575168,"name":"Saint Peter Basseterre","country":"KN","coord":{"lon":-62.716671,"lat":17.316669}},{"_id":3575438,"name":"Douglas","country":"KN","coord":{"lon":-62.716671,"lat":17.316669}},{"_id":3575551,"name":"Basseterre","country":"KN","coord":{"lon":-62.726101,"lat":17.29484}},{"_id":3575156,"name":"Sandy Point Town","country":"KN","coord":{"lon":-62.833328,"lat":17.35}},{"_id":3575284,"name":"Monkey Hill","country":"KN","coord":{"lon":-62.716671,"lat":17.316669}},{"_id":3575441,"name":"Dieppe Bay Town","country":"KN","coord":{"lon":-62.815281,"lat":17.41297}},{"_id":3575479,"name":"Charlestown","country":"KN","coord":{"lon":-62.616669,"lat":17.133329}},{"_id":3575487,"name":"Cayon","country":"KN","coord":{"lon":-62.73333,"lat":17.35}}]}
