{"countryCode":"LI","countryName":"Liechtenstein","countryFilePath":"LI.json","countryCityList":[{"_id":3042058,"name":"Principality of Liechtenstein","country":"LI","coord":{"lon":9.53333,"lat":47.166672}},{"_id":3042031,"name":"Gemeinde Vaduz","country":"LI","coord":{"lon":9.51667,"lat":47.133331}},{"_id":3042030,"name":"Vaduz","country":"LI","coord":{"lon":9.52154,"lat":47.14151}},{"_id":3042052,"name":"Nendeln","country":"LI","coord":{"lon":9.543,"lat":47.19846}},{"_id":3042056,"name":"Gemeinde Mauren","country":"LI","coord":{"lon":9.53333,"lat":47.216671}},{"_id":3042040,"name":"Schaanwald","country":"LI","coord":{"lon":9.5624,"lat":47.211868}},{"_id":3042074,"name":"Gemeinde Balzers","country":"LI","coord":{"lon":9.5,"lat":47.066669}},{"_id":3042069,"name":"Gemeinde Eschen","country":"LI","coord":{"lon":9.51667,"lat":47.216671}},{"_id":3315349,"name":"Mäls","country":"LI","coord":{"lon":9.5,"lat":47.049999}},{"_id":3042033,"name":"Triesenberg","country":"LI","coord":{"lon":9.54197,"lat":47.118149}},{"_id":3042035,"name":"Triesen","country":"LI","coord":{"lon":9.53333,"lat":47.099998}},{"_id":3042037,"name":"Schellenberg","country":"LI","coord":{"lon":9.54678,"lat":47.231232}},{"_id":3042041,"name":"Schaan","country":"LI","coord":{"lon":9.50867,"lat":47.164982}},{"_id":3042046,"name":"Ruggell","country":"LI","coord":{"lon":9.51667,"lat":47.23333}},{"_id":3042049,"name":"Planken","country":"LI","coord":{"lon":9.54437,"lat":47.185162}},{"_id":3042055,"name":"Mauren","country":"LI","coord":{"lon":9.5442,"lat":47.218048}},{"_id":3042062,"name":"Gamprin","country":"LI","coord":{"lon":9.50935,"lat":47.220379}},{"_id":3042068,"name":"Eschen","country":"LI","coord":{"lon":9.52223,"lat":47.210709}},{"_id":3042073,"name":"Balzers","country":"LI","coord":{"lon":9.5,"lat":47.066669}}]}
