{"countryCode":"SB","countryName":"Solomon Islands","countryFilePath":"SB.json","countryCityList":[{"_id":2102985,"name":"Tamatangga","country":"SB","coord":{"lon":159.949997,"lat":-9.43333}},{"_id":2107200,"name":"Kukumu","country":"SB","coord":{"lon":160.699997,"lat":-8.76667}},{"_id":2103350,"name":"Solomon Islands","country":"SB","coord":{"lon":159.0,"lat":-8.0}},{"_id":2105575,"name":"Munda","country":"SB","coord":{"lon":157.266525,"lat":-8.32799}},{"_id":2178603,"name":"Nele","country":"SB","coord":{"lon":165.787537,"lat":-10.72484}},{"_id":2105596,"name":"Motombulu","country":"SB","coord":{"lon":160.050003,"lat":-9.41667}},{"_id":2108831,"name":"Guadalcanal Province","country":"SB","coord":{"lon":160.0,"lat":-9.75}},{"_id":2108502,"name":"Honiara","country":"SB","coord":{"lon":159.949997,"lat":-9.43333}},{"_id":2102384,"name":"Tulaghi","country":"SB","coord":{"lon":160.147583,"lat":-9.09958}},{"_id":2108857,"name":"Gizo","country":"SB","coord":{"lon":156.841858,"lat":-8.10303}},{"_id":2109528,"name":"Buala","country":"SB","coord":{"lon":159.592117,"lat":-8.14497}},{"_id":2109701,"name":"Auki","country":"SB","coord":{"lon":160.703354,"lat":-8.76761}},{"_id":2178753,"name":"Kirakira","country":"SB","coord":{"lon":161.920456,"lat":-10.45442}}]}
